<keymap version="1" name="My windows" parent="$default">
  <action id="$Redo">
    <keyboard-shortcut first-keystroke="ctrl y" />
  </action>
  <action id="ActivateCommitToolWindow" />
  <action id="ActivateDebugToolWindow">
    <keyboard-shortcut first-keystroke="alt 3" />
  </action>
  <action id="ActivateFavoritesToolWindow" />
  <action id="ActivateFindToolWindow" />
  <action id="ActivateProblemsViewToolWindow" />
  <action id="ActivateProjectToolWindow">
    <keyboard-shortcut first-keystroke="alt 9" />
  </action>
  <action id="ActivatePythonConsoleToolWindow">
    <keyboard-shortcut first-keystroke="alt 1" />
  </action>
  <action id="ActivateRunToolWindow">
    <keyboard-shortcut first-keystroke="alt 2" />
  </action>
  <action id="ActivateServicesToolWindow" />
  <action id="ActivateStructureToolWindow" />
  <action id="ActivateTerminalToolWindow" />
  <action id="ActivateVersionControlToolWindow" />
  <action id="Arrangement.Rule.Edit" />
  <action id="Back">
    <mouse-shortcut keystroke="button4" />
    <keyboard-shortcut first-keystroke="alt left" />
  </action>
  <action id="CallHierarchy" />
  <action id="ChangeSignature" />
  <action id="ChangesView.AddUnversioned" />
  <action id="ChangesView.Diff" />
  <action id="ChangesView.GroupBy.Directory" />
  <action id="ChangesView.Move" />
  <action id="ChangesView.Revert" />
  <action id="ChangesView.SetDefault" />
  <action id="ChangesView.ShelveSilently" />
  <action id="ChangesView.UnshelveSilently" />
  <action id="CheckinProject" />
  <action id="ChooseDebugConfiguration" />
  <action id="ChooseRunConfiguration" />
  <action id="CloseActiveTab" />
  <action id="CloseContent">
    <keyboard-shortcut first-keystroke="ctrl w" />
  </action>
  <action id="CodeInspection.OnEditor" />
  <action id="CompareTwoFiles" />
  <action id="Console.Execute.Multiline" />
  <action id="Console.History.Browse" />
  <action id="ContextHelp" />
  <action id="CopyElement" />
  <action id="CopyReference" />
  <action id="Debug">
    <keyboard-shortcut first-keystroke="f5" />
  </action>
  <action id="DecrementWindowHeight" />
  <action id="Diff.ApplyLeftSide" />
  <action id="Diff.ApplyRightSide" />
  <action id="Diff.FocusOppositePane" />
  <action id="Diff.FocusOppositePaneAndScroll" />
  <action id="Diff.NextChange" />
  <action id="Diff.PrevChange" />
  <action id="Diff.ShowDiff" />
  <action id="Diff.ShowSettingsPopup" />
  <action id="DirDiffMenu.SynchronizeDiff" />
  <action id="DirDiffMenu.SynchronizeDiff.All" />
  <action id="DumpLookupElementWeights" />
  <action id="DumpMLCompletionFeatures" />
  <action id="EditBreakpoint" />
  <action id="EditSource">
    <keyboard-shortcut first-keystroke="alt 0" />
  </action>
  <action id="Editor Redo">
    <keyboard-shortcut first-keystroke="ctrl y" />
  </action>
  <action id="EditorAddCaretPerSelectedLine" />
  <action id="EditorChooseLookupItemCompleteStatement" />
  <action id="EditorCloneCaretAbove">
    <keyboard-shortcut first-keystroke="shift alt up" />
  </action>
  <action id="EditorCloneCaretBelow">
    <keyboard-shortcut first-keystroke="shift alt down" />
  </action>
  <action id="EditorCompleteStatement" />
  <action id="EditorDeleteLine">
    <keyboard-shortcut first-keystroke="shift ctrl k" />
  </action>
  <action id="EditorDuplicate">
    <keyboard-shortcut first-keystroke="shift ctrl up" />
  </action>
  <action id="EditorDuplicateLines">
    <keyboard-shortcut first-keystroke="shift ctrl down" />
  </action>
  <action id="EditorFocusGutter" />
  <action id="EditorJoinLines">
    <keyboard-shortcut first-keystroke="ctrl j" />
  </action>
  <action id="EditorLookupDown" />
  <action id="EditorLookupUp" />
  <action id="EditorMatchBrace">
    <keyboard-shortcut first-keystroke="shift ctrl back_slash" />
  </action>
  <action id="EditorPasteSimple" />
  <action id="EditorScrollDown" />
  <action id="EditorScrollToCenter" />
  <action id="EditorScrollUp" />
  <action id="EditorSelectWord">
    <keyboard-shortcut first-keystroke="ctrl l" />
  </action>
  <action id="EditorShowGutterIconTooltip" />
  <action id="EditorSplitLine" />
  <action id="EditorStartNewLine">
    <keyboard-shortcut first-keystroke="ctrl enter" />
  </action>
  <action id="EditorStartNewLineBefore">
    <keyboard-shortcut first-keystroke="shift ctrl enter" />
  </action>
  <action id="EditorToggleCase" />
  <action id="EditorToggleColumnMode" />
  <action id="EditorToggleUseSoftWraps">
    <keyboard-shortcut first-keystroke="alt z" />
  </action>
  <action id="EditorUnSelectWord">
    <keyboard-shortcut first-keystroke="shift ctrl l" />
  </action>
  <action id="EmmetNextEditPoint" />
  <action id="EmmetPreviousEditPoint" />
  <action id="EvaluateExpression">
    <keyboard-shortcut first-keystroke="f10" />
  </action>
  <action id="ExecuteInPyConsoleAction" />
  <action id="ExportToTextFile" />
  <action id="ExpressionTypeInfo" />
  <action id="FileChooser.GotoDesktop" />
  <action id="FileChooser.NewFolder">
    <keyboard-shortcut first-keystroke="alt insert" />
  </action>
  <action id="FileChooser.TogglePathShowing" />
  <action id="FileStructurePopup" />
  <action id="Find">
    <keyboard-shortcut first-keystroke="ctrl f" />
  </action>
  <action id="FindNext">
    <keyboard-shortcut first-keystroke="f3" />
  </action>
  <action id="FindPrevious">
    <keyboard-shortcut first-keystroke="shift f3" />
  </action>
  <action id="FindWordAtCaret" />
  <action id="ForceRefresh" />
  <action id="ForceRunToCursor" />
  <action id="ForceStepInto" />
  <action id="ForceStepOver" />
  <action id="Forward">
    <mouse-shortcut keystroke="button5" />
    <keyboard-shortcut first-keystroke="alt right" />
  </action>
  <action id="Git.Branches" />
  <action id="Git.Commit.And.Push.Executor" />
  <action id="Git.Reword.Commit" />
  <action id="Github.PullRequest.Changes.Reload" />
  <action id="Github.PullRequest.Comments.Reload" />
  <action id="Github.PullRequest.Details.Reload" />
  <action id="Github.PullRequest.Timeline.Update" />
  <action id="GotoChangedFile" />
  <action id="GotoClass" />
  <action id="GotoDeclaration">
    <keyboard-shortcut first-keystroke="ctrl b" />
    <mouse-shortcut keystroke="control button1" />
  </action>
  <action id="GotoFile">
    <keyboard-shortcut first-keystroke="ctrl p" />
  </action>
  <action id="GotoNextBookmark">
    <keyboard-shortcut first-keystroke="ctrl alt l" />
  </action>
  <action id="GotoPreviousBookmark">
    <keyboard-shortcut first-keystroke="ctrl alt j" />
  </action>
  <action id="GotoSymbol">
    <keyboard-shortcut first-keystroke="ctrl t" />
  </action>
  <action id="GotoTest" />
  <action id="Hg.Commit.And.Push.Executor" />
  <action id="Images.Editor.ToggleGrid" />
  <action id="IncrementWindowHeight" />
  <action id="Inline" />
  <action id="InsertLiveTemplate" />
  <action id="JumpToLastChange" />
  <action id="MethodHierarchy" />
  <action id="MethodOverloadSwitchDown" />
  <action id="MethodOverloadSwitchUp" />
  <action id="Move" />
  <action id="MoveElementLeft" />
  <action id="MoveElementRight" />
  <action id="MoveLineDown">
    <keyboard-shortcut first-keystroke="ctrl down" />
  </action>
  <action id="MoveLineUp">
    <keyboard-shortcut first-keystroke="ctrl up" />
  </action>
  <action id="MoveStatementDown">
    <keyboard-shortcut first-keystroke="ctrl alt down" />
  </action>
  <action id="MoveStatementUp">
    <keyboard-shortcut first-keystroke="ctrl alt up" />
  </action>
  <action id="NewElement">
    <keyboard-shortcut first-keystroke="ctrl n" />
  </action>
  <action id="NewScratchFile" />
  <action id="NextDiff" />
  <action id="NextEditorTab" />
  <action id="NextOccurence" />
  <action id="NextTab">
    <keyboard-shortcut first-keystroke="ctrl tab" />
    <keyboard-shortcut first-keystroke="ctrl alt right" />
  </action>
  <action id="ParameterInfo" />
  <action id="PasteMultiple" />
  <action id="PopupHector" />
  <action id="PreviousDiff" />
  <action id="PreviousEditorTab" />
  <action id="PreviousOccurence" />
  <action id="PreviousTab">
    <keyboard-shortcut first-keystroke="shift ctrl tab" />
    <keyboard-shortcut first-keystroke="ctrl alt left" />
  </action>
  <action id="ProjectViewChangeView" />
  <action id="QuickChangeScheme" />
  <action id="QuickEvaluateExpression">
    <mouse-shortcut keystroke="shift alt button1" />
    <keyboard-shortcut first-keystroke="shift f10" />
  </action>
  <action id="QuickImplementations" />
  <action id="QuickJavaDoc">
    <mouse-shortcut keystroke="alt button2" />
    <keyboard-shortcut first-keystroke="f1" />
  </action>
  <action id="RecentChanges" />
  <action id="RecentFiles">
    <keyboard-shortcut first-keystroke="ctrl r" />
  </action>
  <action id="RecentLocations" />
  <action id="Refactorings.QuickListPopupAction">
    <keyboard-shortcut first-keystroke="ctrl e" />
  </action>
  <action id="ReformatCode" />
  <action id="Refresh" />
  <action id="ReopenClosedTab">
    <keyboard-shortcut first-keystroke="shift ctrl t" />
  </action>
  <action id="Replace">
    <keyboard-shortcut first-keystroke="ctrl h" />
  </action>
  <action id="ReplaceInPath">
    <keyboard-shortcut first-keystroke="shift ctrl h" />
  </action>
  <action id="Rerun" />
  <action id="RerunFailedTests">
    <keyboard-shortcut first-keystroke="ctrl f6" />
  </action>
  <action id="RerunTests" />
  <action id="ResizeToolWindowDown" />
  <action id="ResizeToolWindowUp" />
  <action id="RestoreDefaultLayout" />
  <action id="Resume">
    <keyboard-shortcut first-keystroke="alt f5" />
  </action>
  <action id="Run">
    <keyboard-shortcut first-keystroke="ctrl f5" />
  </action>
  <action id="RunClass">
    <keyboard-shortcut first-keystroke="ctrl alt f5" />
  </action>
  <action id="RunDashboard.CopyConfiguration" />
  <action id="RunInspection" />
  <action id="RunToCursor">
    <keyboard-shortcut first-keystroke="f6" />
  </action>
  <action id="SaveAs">
    <keyboard-shortcut first-keystroke="shift ctrl s" />
  </action>
  <action id="SearchEverywhere">
    <keyboard-shortcut first-keystroke="shift ctrl p" />
  </action>
  <action id="SearchEverywhere.NavigateToNextGroup">
    <keyboard-shortcut first-keystroke="page_down" />
  </action>
  <action id="SearchEverywhere.NavigateToPrevGroup">
    <keyboard-shortcut first-keystroke="page_up" />
  </action>
  <action id="SelectAllOccurrences" />
  <action id="SelectNextOccurrence">
    <keyboard-shortcut first-keystroke="ctrl d" />
  </action>
  <action id="SendEOF" />
  <action id="ServiceView.GroupByContributor" />
  <action id="ServiceView.GroupByServiceGroups" />
  <action id="ServiceView.ShowServices" />
  <action id="ShelveChanges.UnshelveWithDialog" />
  <action id="ShowBookmarks" />
  <action id="ShowContent" />
  <action id="ShowFilePath" />
  <action id="ShowFilterPopup" />
  <action id="ShowReformatFileDialog" />
  <action id="ShowSearchHistory" />
  <action id="ShowSettings">
    <keyboard-shortcut first-keystroke="ctrl comma" />
  </action>
  <action id="ShowSettingsAndFindUsages" />
  <action id="SmartStepInto" />
  <action id="StepInto">
    <keyboard-shortcut first-keystroke="f8" />
  </action>
  <action id="StepOver">
    <keyboard-shortcut first-keystroke="f7" />
  </action>
  <action id="Stop">
    <keyboard-shortcut first-keystroke="shift f5" />
  </action>
  <action id="StopBackgroundProcesses" />
  <action id="StringManipulation.ShiftQuote">
    <keyboard-shortcut first-keystroke="ctrl quote" />
  </action>
  <action id="SurroundWithLiveTemplate" />
  <action id="SwitchCoverage" />
  <action id="Switcher" />
  <action id="SwitcherIterateItems" />
  <action id="SwitcherRecentEditedChangedToggleCheckBox" />
  <action id="Terminal.MoveToolWindowTabLeft" />
  <action id="Terminal.MoveToolWindowTabRight" />
  <action id="Terminal.SmartCommandExecution.Debug" />
  <action id="Terminal.SmartCommandExecution.Run" />
  <action id="ToggleBookmark">
    <keyboard-shortcut first-keystroke="ctrl alt k" />
  </action>
  <action id="ToggleBookmarkWithMnemonic" />
  <action id="ToggleFindInSelection" />
  <action id="ToggleLineBreakpoint">
    <keyboard-shortcut first-keystroke="f9" />
  </action>
  <action id="ToggleRenderedDocPresentation" />
  <action id="ToggleTemporaryLineBreakpoint" />
  <action id="ToggleZenMode">
    <keyboard-shortcut first-keystroke="ctrl k" second-keystroke="z" />
  </action>
  <action id="TypeHierarchy" />
  <action id="TypeHierarchyBase.BaseOnThisType" />
  <action id="UnselectPreviousOccurrence" />
  <action id="UpdateRunningApplication" />
  <action id="UsageGrouping.Directory" />
  <action id="UsageGrouping.DirectoryStructure" />
  <action id="UsageGrouping.FileStructure" />
  <action id="UsageGrouping.FlattenModules" />
  <action id="UsageGrouping.UsageType" />
  <action id="Vcs.Log.FocusTextFilter" />
  <action id="Vcs.Log.Refresh" />
  <action id="Vcs.MoveChangedLinesToChangelist" />
  <action id="Vcs.Push" />
  <action id="Vcs.QuickListPopupAction" />
  <action id="Vcs.ReformatCommitMessage" />
  <action id="Vcs.RefreshFileHistory" />
  <action id="Vcs.RollbackChangedLines" />
  <action id="Vcs.ShowMessageHistory" />
  <action id="Vcs.ToggleAmendCommitMode" />
  <action id="Vcs.UpdateProject" />
  <action id="VcsHistory.ShowAllAffected" />
  <action id="VcsShowNextChangeMarker" />
  <action id="VcsShowPrevChangeMarker" />
  <action id="ViewBreakpoints" />
  <action id="ViewSource" />
  <action id="XDebugger.AttachToProcess" />
  <action id="XDebugger.SetValue" />
  <action id="context.clear" />
  <action id="context.load" />
  <action id="context.save" />
  <action id="hg4idea.QFold" />
  <action id="hg4idea.QGotoFromPatches" />
  <action id="hg4idea.QPushAction" />
  <action id="hg4idea.QRefresh" />
  <action id="openAssertEqualsDiff" />
  <action id="osmedile.intellij.stringmanip.ToLowerCaseAction">
    <keyboard-shortcut first-keystroke="ctrl k" second-keystroke="l" />
  </action>
  <action id="osmedile.intellij.stringmanip.ToUpperCaseAction">
    <keyboard-shortcut first-keystroke="ctrl k" second-keystroke="u" />
  </action>
  <action id="osmedile.intellij.stringmanip.WordsCapitalizeAction">
    <keyboard-shortcut first-keystroke="ctrl k" second-keystroke="t" />
  </action>
  <action id="tasks.close" />
  <action id="tasks.goto" />
  <action id="tasks.open.in.browser" />
  <action id="tasks.switch" />
</keymap>